Fold,Accuracy,Macro_F1,Log_Loss
1,0.9833333333333333,0.9786453119786453,0.061362863498588126
2,1.0,1.0,0.03540878825185641
3,1.0,1.0,0.04413705337345784
4,0.9833333333333333,0.9776576576576576,0.0795534915642114
5,0.9833333333333333,0.9784047370254267,0.07413792725071572
