,precision,recall,f1-score,support
等级0,1.0,1.0,1.0,29.0
等级1,0.9473684210526315,1.0,0.972972972972973,18.0
等级2,1.0,0.9230769230769231,0.96,13.0
accuracy,0.9833333333333333,0.9833333333333333,0.9833333333333333,0.9833333333333333
macro avg,0.9824561403508771,0.9743589743589745,0.9776576576576576,60.0
weighted avg,0.9842105263157895,0.9833333333333333,0.9832252252252254,60.0
