epsilon,Q_used,Efficacy,mid_dose,high_dose,window_only
707.5862068965517,652.5,0.6330413776849542,0.3,0.5,True
1210.344827586207,1083.6,0.666670601767725,0.3,0.5,False
