特征,Gain重要性,Split次数
近7天病株数,3057.809967096895,307
日照时数,2557.9958130901,225
降水量,2329.652858087269,138
BTM_生物威胁动量,1301.300308385864,109
相对湿度,813.1623118345451,181
PRI_抗药性预警,712.8338354909793,48
LWI_光水滋养,408.2770747633913,262
风速,43.010369315743446,31
THI_温湿胁迫,36.80646413564682,5
近7天虫口密度,27.053669719025493,40
品种_梨,14.353613018989563,23
平均气温,1.3828018084168434,8
品种_苹果,0.06438175734365359,20
近30天用药次数,0.0,0
土壤湿度,0.0,0
品种_桃,0.0,0
品种_柑橘,0.0,0
